[
    {
        "species": "Zombie",
        "hp": 6,
        "gold": 10,
        "damage": 10,
        "model": "&",
        "attack_speed": 1,
        "speed": 1
    },
    {
        "species": "Snake",
        "hp": 3,
        "gold": 7,
        "damage": 20,
        "model": "S",
        "attack_speed": 0.5,
        "speed": 1.3
    },
    {
        "species": "Daemon",
        "hp": 1,
        "gold": 20,
        "damage": 40,
        "model": "Ÿ",
        "attack_speed": 1.2,
        "speed": 3
    }
]