[
    {
        "name": "Health Potion",
        "basic_points": 30,
        "description": "Adds {}HP",
        "effect": "hp",
        "action": "add",
        "basic_price": 30,
        "type": "Potion"
    },
    {
        "name": "Sword LVL{}",
        "basic_points": 5,
        "description": "Deals {} points of damage",
        "effect": "attack",
        "action": "replace",
        "basic_price": 15,
        "type": "Weapon"
    },
    {
        "name": "Chestplate LVL{}",
        "basic_points": 5,
        "description": "Protects from {} points of damage",
        "effect": "armor",
        "action": "replace",
        "basic_price": 20,
        "type": "Armor"
    },
    {
        "name": "Boots LVL{}",
        "basic_points": -0.01,
        "description": "Reduces movement cooldown",
        "effect": "move_cd",
        "action": "add",
        "basic_price": 10,
        "type": "Boots"
    }
]